year,Month,Temperature,Rainfall,ghg,ch4
1901,January,7.72768,40.4258,16.9,12.325
1901,February,8.936,12.3022,16.90833333,12.32916667
1901,March,16.9632,25.5119,16.91666667,12.33333333
1901,April,21.2741,14.2942,16.925,12.3375
1901,May,26.0497,38.3046,16.93333333,12.34166667
1901,June,29.3811,12.8813,16.94166667,12.34583333
1901,July,29.2391,68.093,16.95,12.35
1901,August,27.9718,16.5836,16.95833333,12.35416667
1901,September,25.2887,13.3391,16.96666667,12.35833333
1901,October,21.2279,3.10757,16.975,12.3625
1901,November,15.7539,0.21419,16.98333333,12.36666667
1901,December,10.917,3.27559,16.99166667,12.37083333
1902,January,9.90868,2.31336,17,12.375
1902,February,11.2238,3.17559,17.00833333,12.38125
1902,March,17.3237,13.3201,17.01666667,12.3875
1902,April,22.1011,16.6064,17.025,12.39375
1902,May,26.7454,17.0574,17.03333333,12.4
1902,June,28.6774,19.3449,17.04166667,12.40625
1902,July,29.3654,25.7954,17.05,12.4125
1902,August,28.2741,34.1203,17.05833333,12.41875
1902,September,25.1602,17.5,17.06666667,12.425
1902,October,20.8884,7.08495,17.075,12.43125
1902,November,15.2654,14.5744,17.08333333,12.4375
1902,December,9.94845,4.73243,17.09166667,12.44375
1903,January,7.69502,22.6658,17.1,12.45
1903,February,10.009,10.2447,17.1,12.45416667
1903,March,13.2206,40.695,17.1,12.45833333
1903,April,19.5796,12.3373,17.1,12.4625
1903,May,25.6285,35.182,17.1,12.46666667
1903,June,29.7751,7.95537,17.1,12.47083333
1903,July,29.0659,75.6535,17.1,12.475
1903,August,27.9325,34.1329,17.1,12.47916667
1903,September,26.0494,24.1921,17.1,12.48333333
1903,October,21.3515,1.82323,17.1,12.4875
1903,November,14.0782,1.2238,17.1,12.49166667
1903,December,9.19253,10.0793,17.1,12.49583333
1904,January,6.93021,61.2916,17.1,12.5
1904,February,11.3519,10.9565,17.10833333,12.50625
1904,March,15.2716,68.4706,17.11666667,12.5125
1904,April,21.871,10.8674,17.125,12.51875
1904,May,26.278,9.80757,17.13333333,12.525
1904,June,29.2731,6.63728,17.14166667,12.53125
1904,July,28.8224,22.9002,17.15,12.5375
1904,August,27.9196,26.1663,17.15833333,12.54375
1904,September,25.3069,17.5644,17.16666667,12.55
1904,October,20.3797,8.62059,17.175,12.55625
1904,November,15.4972,12.2084,17.18333333,12.5625
1904,December,10.7429,6.44073,17.19166667,12.56875
1905,January,6.75049,53.5866,17.2,12.575
1905,February,6.70157,37.0232,17.20833333,12.57916667
1905,March,12.538,41.1089,17.21666667,12.58333333
1905,April,19.8944,14.3762,17.225,12.5875
1905,May,27.2105,12.9388,17.23333333,12.59166667
1905,June,29.3196,7.47864,17.24166667,12.59583333
1905,July,29.3462,17.6693,17.25,12.6
1905,August,28.2935,8.42186,17.25833333,12.60416667
1905,September,25.5066,36.4692,17.26666667,12.60833333
1905,October,21.4719,2.22197,17.275,12.6125
1905,November,16.119,0.23152,17.28333333,12.61666667
1905,December,10.2265,27.6909,17.29166667,12.62083333
1906,January,6.99888,7.44133,17.3,12.625
1906,February,8.33483,78.1301,17.30833333,12.63125
1906,March,14.2171,37.7996,17.31666667,12.6375
1906,April,20.3203,11.4353,17.325,12.64375
1906,May,27.1914,19.8325,17.33333333,12.65
1906,June,28.9734,12.6819,17.34166667,12.65625
1906,July,29.352,25.2715,17.35,12.6625
1906,August,28.2059,44.5472,17.35833333,12.66875
1906,September,24.9951,28.7101,17.36666667,12.675
1906,October,21.3343,2.93003,17.375,12.68125
1906,November,16.2258,0.2753,17.38333333,12.6875
1906,December,11.5644,11.1771,17.39166667,12.69375
1907,January,10.438,18.81,17.4,12.7
1907,February,9.12774,38.2396,17.4,12.70416667
1907,March,14.2894,29.2855,17.4,12.70833333
1907,April,20.6502,36.3981,17.4,12.7125
1907,May,24.6617,4.75605,17.4,12.71666667
1907,June,28.011,33.4921,17.4,12.72083333
1907,July,29.5999,33.0677,17.4,12.725
1907,August,27.2584,54.822,17.4,12.72916667
1907,September,24.9491,2.99025,17.4,12.73333333
1907,October,20.1053,2.88652,17.4,12.7375
1907,November,15.4206,0.88287,17.4,12.74166667
1907,December,9.60512,2.76253,17.4,12.74583333
1908,January,9.16938,40.6442,17.4,12.75
1908,February,10.4964,17.759,17.40833333,12.75416667
1908,March,15.0003,13.8815,17.41666667,12.75833333
1908,April,21.5965,60.2271,17.425,12.7625
1908,May,25.7166,15.155,17.43333333,12.76666667
1908,June,29.3539,10.8517,17.44166667,12.77083333
1908,July,28.4189,100.309,17.45,12.775
1908,August,26.8204,90.0436,17.45833333,12.77916667
1908,September,24.2037,27.5185,17.46666667,12.78333333
1908,October,19.7193,2.64982,17.475,12.7875
1908,November,14.6582,0.30752,17.48333333,12.79166667
1908,December,9.50828,19.4151,17.49166667,12.79583333
1909,January,7.03193,22.0417,17.5,12.8
1909,February,9.29564,34.5044,17.50833333,12.80625
1909,March,15.7865,17.239,17.51666667,12.8125
1909,April,20.9503,49.3441,17.525,12.81875
1909,May,25.5858,5.69387,17.53333333,12.825
1909,June,29.0509,25.5863,17.54166667,12.83125
1909,July,27.9125,110.821,17.55,12.8375
1909,August,27.2877,27.676,17.55833333,12.84375
1909,September,23.9227,35.4963,17.56666667,12.85
1909,October,20.2239,3.77207,17.575,12.85625
1909,November,16.2276,2.09046,17.58333333,12.8625
1909,December,9.69758,39.1434,17.59166667,12.86875
1910,January,8.28281,48.6834,17.6,12.875
1910,February,10.7145,10.0486,17.60833333,12.88333333
1910,March,15.0186,12.8771,17.61666667,12.89166667
1910,April,20.0475,28.8651,17.625,12.9
1910,May,26.2383,8.65424,17.63333333,12.90833333
1910,June,28.9664,33.9063,17.64166667,12.91666667
1910,July,28.0875,73.1194,17.65,12.925
1910,August,27.3745,83.1,17.65833333,12.93333333
1910,September,25.0666,4.58992,17.66666667,12.94166667
1910,October,20.1877,1.80884,17.675,12.95
1910,November,14.1164,0.18159,17.68333333,12.95833333
1910,December,8.60299,7.09619,17.69166667,12.96666667
1911,January,8.35633,62.1624,17.7,12.975
1911,February,10.6605,13.6268,17.70833333,12.98333333
1911,March,13.8202,63.2829,17.71666667,12.99166667
1911,April,20.689,13.1245,17.725,13
1911,May,26.6186,11.5385,17.73333333,13.00833333
1911,June,29.2712,8.98892,17.74166667,13.01666667
1911,July,29.1161,8.07602,17.75,13.025
1911,August,27.9389,14.2183,17.75833333,13.03333333
1911,September,25.5788,9.62532,17.76666667,13.04166667
1911,October,20.7565,5.47875,17.775,13.05
1911,November,13.1283,9.19291,17.78333333,13.05833333
1911,December,9.73885,11.3108,17.79166667,13.06666667
1912,January,9.34208,49.9539,17.8,13.075
1912,February,11.6986,17.0454,17.80833333,13.08333333
1912,March,15.1625,7.75363,17.81666667,13.09166667
1912,April,21.7373,25.0325,17.825,13.1
1912,May,26.375,21.5984,17.83333333,13.10833333
1912,June,29.8667,13.9635,17.84166667,13.11666667
1912,July,29.4885,41.5568,17.85,13.125
1912,August,27.3773,50.7721,17.85833333,13.13333333
1912,September,24.1663,8.37116,17.86666667,13.14166667
1912,October,20.8547,2.50569,17.875,13.15
1912,November,14.0833,2.01322,17.88333333,13.15833333
1912,December,9.87688,22.5349,17.89166667,13.16666667
1913,January,9.56291,13.1557,17.9,13.175
1913,February,9.79157,31.3535,17.90833333,13.18125
1913,March,13.3825,27.0575,17.91666667,13.1875
1913,April,21.4796,18.966,17.925,13.19375
1913,May,25.9573,12.7484,17.93333333,13.2
1913,June,28.7924,26.7758,17.94166667,13.20625
1913,July,28.5364,43.3387,17.95,13.2125
1913,August,27.2439,52.2582,17.95833333,13.21875
1913,September,24.5046,29.0657,17.96666667,13.225
1913,October,20.8197,3.23762,17.975,13.23125
1913,November,14.4341,4.07875,17.98333333,13.2375
1913,December,9.88549,25.6171,17.99166667,13.24375
1914,January,10.5031,23.0338,18,13.25
1914,February,9.37876,44.1405,18.00833333,13.25833333
1914,March,14.7735,21.0917,18.01666667,13.26666667
1914,April,21.1517,44.5625,18.025,13.275
1914,May,26.6905,11.9432,18.03333333,13.28333333
1914,June,29.6573,34.2121,18.04166667,13.29166667
1914,July,28.671,110.802,18.05,13.3
1914,August,27.6078,25.4436,18.05833333,13.30833333
1914,September,25.8722,34.385,18.06666667,13.31666667
1914,October,19.9983,24.642,18.075,13.325
1914,November,15.5218,9.71607,18.08333333,13.33333333
1914,December,8.85739,10.0941,18.09166667,13.34166667
1915,January,8.32678,4.79381,18.1,13.35
1915,February,9.02594,35.6388,18.10833333,13.35833333
1915,March,16.8911,26.8453,18.11666667,13.36666667
1915,April,21.155,53.0118,18.125,13.375
1915,May,27.7985,4.94112,18.13333333,13.38333333
1915,June,29.766,12.8614,18.14166667,13.39166667
1915,July,29.4356,35.4379,18.15,13.4
1915,August,28.5276,11.9239,18.15833333,13.40833333
1915,September,26.587,16.1701,18.16666667,13.41666667
1915,October,21.7021,13.3508,18.175,13.425
1915,November,15.5621,0.68016,18.18333333,13.43333333
1915,December,10.1948,6.75773,18.19166667,13.44166667
1916,January,9.95363,20.4452,18.2,13.45
1916,February,9.29735,22.4321,18.20833333,13.45833333
1916,March,17.6636,9.38123,18.21666667,13.46666667
1916,April,22.1382,38.9866,18.225,13.475
1916,May,25.5462,27.0144,18.23333333,13.48333333
1916,June,29.0615,13.7413,18.24166667,13.49166667
1916,July,28.9225,53.6625,18.25,13.5
1916,August,27.7522,154.055,18.25833333,13.50833333
1916,September,25.0285,26.0831,18.26666667,13.51666667
1916,October,20.3183,12.044,18.275,13.525
1916,November,12.6042,0.12818,18.28333333,13.53333333
1916,December,9.42256,0.91797,18.29166667,13.54166667
1917,January,9.72695,15.2669,18.3,13.55
1917,February,12.1566,3.4687,18.30833333,13.55833333
1917,March,15.5658,34.8237,18.31666667,13.56666667
1917,April,19.8269,16.7887,18.325,13.575
1917,May,24.7684,20.6214,18.33333333,13.58333333
1917,June,28.7806,19.5138,18.34166667,13.59166667
1917,July,28.5988,21.9135,18.35,13.6
1917,August,27.0211,105.647,18.35833333,13.60833333
1917,September,24.2356,79.48,18.36666667,13.61666667
1917,October,19.3879,11.5993,18.375,13.625
1917,November,13.0002,0.10584,18.38333333,13.63333333
1917,December,9.5386,18.1581,18.39166667,13.64166667
1918,January,7.58665,3.67758,18.4,13.65
1918,February,10.6784,4.3403,18.40833333,13.65833333
1918,March,14.9643,52.7667,18.41666667,13.66666667
1918,April,19.3156,31.7855,18.425,13.675
1918,May,27.1895,3.40381,18.43333333,13.68333333
1918,June,28.7607,16.202,18.44166667,13.69166667
1918,July,29.3498,10.716,18.45,13.7
1918,August,28.2618,23.632,18.45833333,13.70833333
1918,September,24.6355,12.0347,18.46666667,13.71666667
1918,October,20.5344,1.94249,18.475,13.725
1918,November,14.5055,6.6346,18.48333333,13.73333333
1918,December,8.81664,36.2052,18.49166667,13.74166667
1919,January,7.77159,38.0603,18.5,13.75
1919,February,9.32812,18.1172,18.50833333,13.75833333
1919,March,15.4089,27.477,18.51666667,13.76666667
1919,April,20.8591,20.9388,18.525,13.775
1919,May,25.8169,10.555,18.53333333,13.78333333
1919,June,29.7151,2.64043,18.54166667,13.79166667
1919,July,29.0787,69.2101,18.55,13.8
1919,August,27.4257,74.5446,18.55833333,13.80833333
1919,September,24.1693,16.1689,18.56666667,13.81666667
1919,October,20.2582,1.24296,18.575,13.825
1919,November,14.2264,0.64859,18.58333333,13.83333333
1919,December,9.26809,38.828,18.59166667,13.84166667
1920,January,8.63298,35.7668,18.6,13.85
1920,February,8.97622,22.6303,18.61666667,13.86458333
1920,March,15.5838,36.08,18.63333333,13.87916667
1920,April,20.1605,22.3086,18.65,13.89375
1920,May,23.7542,16.5041,18.66666667,13.90833333
1920,June,28.0569,13.6575,18.68333333,13.92291667
1920,July,28.9401,19.9772,18.7,13.9375
1920,August,27.3003,16.8843,18.71666667,13.95208333
1920,September,25.7006,11.888,18.73333333,13.96666667
1920,October,21.495,1.16082,18.75,13.98125
1920,November,15.2376,4.45309,18.76666667,13.99583333
1920,December,9.10705,3.59087,18.78333333,14.01041667
1921,January,8.85667,9.92568,18.8,14.025
1921,February,9.73737,4.74141,18.81666667,14.03958333
1921,March,17.4293,14.8642,18.83333333,14.05416667
1921,April,23.2014,16.3766,18.85,14.06875
1921,May,26.8129,9.02189,18.86666667,14.08333333
1921,June,29.2158,12.5584,18.88333333,14.09791667
1921,July,29.3536,72.2176,18.9,14.1125
1921,August,27.0996,89.2192,18.91666667,14.12708333
1921,September,24.8829,16.9813,18.93333333,14.14166667
1921,October,20.0726,9.28153,18.95,14.15625
1921,November,14.991,2.22099,18.96666667,14.17083333
1921,December,11.0271,33.1487,18.98333333,14.18541667
1922,January,8.52109,18.7877,19,14.2
1922,February,11.1049,39.9547,19.01666667,14.21458333
1922,March,16.5204,15.9975,19.03333333,14.22916667
1922,April,22.0116,8.44737,19.05,14.24375
1922,May,25.7362,18.9858,19.06666667,14.25833333
1922,June,28.8851,12.9477,19.08333333,14.27291667
1922,July,29.5393,29.9843,19.1,14.2875
1922,August,27.966,32.035,19.11666667,14.30208333
1922,September,24.9959,43.9223,19.13333333,14.31666667
1922,October,20.0123,4.74138,19.15,14.33125
1922,November,14.7231,0.19436,19.16666667,14.34583333
1922,December,10.3632,15.6486,19.18333333,14.36041667
1923,January,8.44368,35.9669,19.2,14.375
1923,February,9.77555,40.3208,19.21666667,14.3875
1923,March,16.3721,23.3626,19.23333333,14.4
1923,April,21.6004,17.9709,19.25,14.4125
1923,May,25.1684,23.7718,19.26666667,14.425
1923,June,29.537,4.37135,19.28333333,14.4375
1923,July,28.5296,36.6953,19.3,14.45
1923,August,27.1817,83.1012,19.31666667,14.4625
1923,September,24.4411,7.74047,19.33333333,14.475
1923,October,19.8052,9.61971,19.35,14.4875
1923,November,13.7708,0.5534,19.36666667,14.5
1923,December,9.23425,9.77863,19.38333333,14.5125
1924,January,7.90866,27.7769,19.4,14.525
1924,February,10.4678,52.4768,19.41666667,14.53958333
1924,March,17.1981,18.5206,19.43333333,14.55416667
1924,April,21.6474,41.0689,19.45,14.56875
1924,May,23.7969,40.4323,19.46666667,14.58333333
1924,June,29.3877,1.17319,19.48333333,14.59791667
1924,July,29.7142,47.4231,19.5,14.6125
1924,August,27.766,21.8061,19.51666667,14.62708333
1924,September,24.1265,46.2479,19.53333333,14.64166667
1924,October,20.2729,0.64327,19.55,14.65625
1924,November,14.0058,4.09587,19.56666667,14.67083333
1924,December,10.1345,41.6146,19.58333333,14.68541667
1925,January,7.01882,14.2756,19.6,14.7
1925,February,8.05247,15.1582,19.61666667,14.71458333
1925,March,17.076,9.02434,19.63333333,14.72916667
1925,April,23.2879,7.80475,19.65,14.74375
1925,May,26.0975,32.2283,19.66666667,14.75833333
1925,June,28.6138,16.5857,19.68333333,14.77291667
1925,July,28.5526,55.3342,19.7,14.7875
1925,August,27.719,34.2365,19.71666667,14.80208333
1925,September,25.4232,16.3121,19.73333333,14.81666667
1925,October,21.4559,11.9817,19.75,14.83125
1925,November,14.023,9.60262,19.76666667,14.84583333
1925,December,10.3019,0.91499,19.78333333,14.86041667
1926,January,9.18545,24.4413,19.8,14.875
1926,February,12.4607,12.882,19.81666667,14.88958333
1926,March,15.2092,63.5215,19.83333333,14.90416667
1926,April,19.1603,31.4509,19.85,14.91875
1926,May,24.6877,20.4858,19.86666667,14.93333333
1926,June,29.429,8.98922,19.88333333,14.94791667
1926,July,29.552,34.713,19.9,14.9625
1926,August,28.0936,74.1229,19.91666667,14.97708333
1926,September,24.8684,42.7293,19.93333333,14.99166667
1926,October,20.1619,0.49156,19.95,15.00625
1926,November,12.5964,0.52748,19.96666667,15.02083333
1926,December,10.0698,18.7861,19.98333333,15.03541667
1927,January,7.01288,13.352,20,15.05
1927,February,8.92672,30.2914,20.01666667,15.06458333
1927,March,14.5618,20.1701,20.03333333,15.07916667
1927,April,20.8602,14.6287,20.05,15.09375
1927,May,25.4843,8.23821,20.06666667,15.10833333
1927,June,28.8465,8.39599,20.08333333,15.12291667
1927,July,28.9607,94.2809,20.1,15.1375
1927,August,27.3294,29.1965,20.11666667,15.15208333
1927,September,24.9367,13.8769,20.13333333,15.16666667
1927,October,21.3324,1.65613,20.15,15.18125
1927,November,14.803,1.01834,20.16666667,15.19583333
1927,December,10.6933,42.566,20.18333333,15.21041667
1928,January,8.09961,13.1354,20.2,15.225
1928,February,10.8143,34.7922,20.20833333,15.23958333
1928,March,15.6366,27.0924,20.21666667,15.25416667
1928,April,21.8333,14.9065,20.225,15.26875
1928,May,27.0178,3.78452,20.23333333,15.28333333
1928,June,29.1673,5.63625,20.24166667,15.29791667
1928,July,29.0433,24.1495,20.25,15.3125
1928,August,27.6165,37.0993,20.25833333,15.32708333
1928,September,24.443,29.5816,20.26666667,15.34166667
1928,October,21.1053,4.76729,20.275,15.35625
1928,November,15.1728,19.6052,20.28333333,15.37083333
1928,December,9.38718,20.3335,20.29166667,15.38541667
1929,January,7.25885,25.9579,20.3,15.4
1929,February,8.90064,18.6647,20.31666667,15.41458333
1929,March,17.6433,8.94673,20.33333333,15.42916667
1929,April,22.6193,12.8088,20.35,15.44375
1929,May,26.4412,10.8868,20.36666667,15.45833333
1929,June,29.09,14.4611,20.38333333,15.47291667
1929,July,28.3686,145.618,20.4,15.4875
1929,August,26.8937,89.806,20.41666667,15.50208333
1929,September,25.3313,3.18438,20.43333333,15.51666667
1929,October,20.0875,6.89097,20.45,15.53125
1929,November,15.0247,8.4176,20.46666667,15.54583333
1929,December,7.61744,22.8815,20.48333333,15.56041667
1930,January,6.49648,32.3071,20.5,15.575
1930,February,9.42237,16.2961,20.525,15.59583333
1930,March,15.9683,16.7301,20.55,15.61666667
1930,April,20.3948,55.3931,20.575,15.6375
1930,May,26.0374,11.4558,20.6,15.65833333
1930,June,28.9044,15.2333,20.625,15.67916667
1930,July,28.2107,93.8898,20.65,15.7
1930,August,27.3902,13.0779,20.675,15.72083333
1930,September,25.1193,19.8918,20.7,15.74166667
1930,October,20.7713,4.73209,20.725,15.7625
1930,November,14.7973,0.9404,20.75,15.78333333
1930,December,9.75092,3.91869,20.775,15.80416667
1931,January,9.59812,31.205,20.8,15.825
1931,February,7.96542,52.4215,20.81666667,15.84375
1931,March,15.8276,12.8384,20.83333333,15.8625
1931,April,22.7935,24.4085,20.85,15.88125
1931,May,25.5731,26.5103,20.86666667,15.9
1931,June,28.444,25.5995,20.88333333,15.91875
1931,July,28.0122,55.9034,20.9,15.9375
1931,August,28.762,42.1351,20.91666667,15.95625
1931,September,25.2875,9.9938,20.93333333,15.975
1931,October,20.8407,16.0189,20.95,15.99375
1931,November,14.8979,3.87184,20.96666667,16.0125
1931,December,10.4747,4.63594,20.98333333,16.03125
1932,January,10.2049,26.7392,21,16.05
1932,February,10.8699,10.7904,21.01666667,16.07083333
1932,March,16.603,46.6057,21.03333333,16.09166667
1932,April,22.8721,8.74017,21.05,16.1125
1932,May,25.0947,10.6746,21.06666667,16.13333333
1932,June,29.0959,15.674,21.08333333,16.15416667
1932,July,28.9709,113.954,21.1,16.175
1932,August,26.978,61.3524,21.11666667,16.19583333
1932,September,25.8022,4.39812,21.13333333,16.21666667
1932,October,20.5029,4.01409,21.15,16.2375
1932,November,15.1777,0.43016,21.16666667,16.25833333
1932,December,9.0796,12.8274,21.18333333,16.27916667
1933,January,6.96584,25.4788,21.2,16.3
1933,February,11.0385,21.9499,21.225,16.31875
1933,March,15.3429,39.5348,21.25,16.3375
1933,April,19.9956,33.2832,21.275,16.35625
1933,May,25.7179,16.7729,21.3,16.375
1933,June,29.3964,16.269,21.325,16.39375
1933,July,29.2275,75.3341,21.35,16.4125
1933,August,26.5425,102.081,21.375,16.43125
1933,September,24.4015,23.0784,21.4,16.45
1933,October,20.5593,3.98831,21.425,16.46875
1933,November,15.5051,2.72915,21.45,16.4875
1933,December,11.6414,14.1313,21.475,16.50625
1934,January,6.22931,19.2027,21.5,16.525
1934,February,13.0946,14.1642,21.51666667,16.54375
1934,March,15.1478,31.5287,21.53333333,16.5625
1934,April,21.5973,31.4163,21.55,16.58125
1934,May,24.6452,17.8854,21.56666667,16.6
1934,June,29.2119,16.6664,21.58333333,16.61875
1934,July,28.9992,26.888,21.6,16.6375
1934,August,27.9458,83.3958,21.61666667,16.65625
1934,September,25.6604,9.9666,21.63333333,16.675
1934,October,20.0248,2.8108,21.65,16.69375
1934,November,14.9063,2.35865,21.66666667,16.7125
1934,December,11.3128,16.5685,21.68333333,16.73125
1935,January,6.6209,50.2232,21.7,16.75
1935,February,10.9282,55.8465,21.725,16.775
1935,March,16.2138,23.9489,21.75,16.8
1935,April,18.777,58.9393,21.775,16.825
1935,May,25.2229,10.5603,21.8,16.85
1935,June,28.2725,10.4809,21.825,16.875
1935,July,28.4659,43.4936,21.85,16.9
1935,August,27.2477,42.2543,21.875,16.925
1935,September,24.8055,14.5429,21.9,16.95
1935,October,19.8651,8.22242,21.925,16.975
1935,November,15.0273,8.05263,21.95,17
1935,December,10.0699,2.97032,21.975,17.025
1936,January,7.20295,17.1451,22,17.05
1936,February,11.5836,57.0899,22.025,17.07291667
1936,March,14.3037,38.0715,22.05,17.09583333
1936,April,20.7998,18.2543,22.075,17.11875
1936,May,28.4465,27.1927,22.1,17.14166667
1936,June,28.6827,27.4385,22.125,17.16458333
1936,July,28.51,25.6255,22.15,17.1875
1936,August,27.788,19.6528,22.175,17.21041667
1936,September,25.7855,15.4076,22.2,17.23333333
1936,October,21.4206,5.47314,22.225,17.25625
1936,November,14.3463,12.3342,22.25,17.27916667
1936,December,9.68323,16.3721,22.275,17.30208333
1937,January,7.69728,20.7952,22.3,17.325
1937,February,10.9572,57.7165,22.325,17.34791667
1937,March,14.5725,32.6619,22.35,17.37083333
1937,April,20.092,47.3676,22.375,17.39375
1937,May,26.2653,7.45861,22.4,17.41666667
1937,June,29.6215,5.52735,22.425,17.43958333
1937,July,28.6578,97.1825,22.45,17.4625
1937,August,28.1379,2.46915,22.475,17.48541667
1937,September,25.2788,16.3548,22.5,17.50833333
1937,October,19.5614,8.56207,22.525,17.53125
1937,November,14.5102,2.07194,22.55,17.55416667
1937,December,8.49138,17.0892,22.575,17.57708333
1938,January,7.64421,52.7538,22.6,17.6
1938,February,9.40673,23.2189,22.625,17.62291667
1938,March,15.7825,20.393,22.65,17.64583333
1938,April,22.0969,24.7071,22.675,17.66875
1938,May,28.2997,3.56816,22.7,17.69166667
1938,June,28.4752,32.8899,22.725,17.71458333
1938,July,29.0276,48.888,22.75,17.7375
1938,August,28.1275,38.309,22.775,17.76041667
1938,September,25.2984,2.96804,22.8,17.78333333
1938,October,20.8295,3.88538,22.825,17.80625
1938,November,13.4783,2.05724,22.85,17.82916667
1938,December,10.133,16.8484,22.875,17.85208333
1939,January,9.17465,21.8429,22.9,17.875
1939,February,10.3768,76.0329,22.91666667,17.9
1939,March,13.2136,64.9968,22.93333333,17.925
1939,April,19.1503,33.474,22.95,17.95
1939,May,25.897,5.93996,22.96666667,17.975
1939,June,29.2542,7.81959,22.98333333,18
1939,July,28.8703,19.9689,23,18.025
1939,August,28.0987,16.0148,23.01666667,18.05
1939,September,26.3639,5.5909,23.03333333,18.075
1939,October,21.2804,8.54513,23.05,18.1
1939,November,15.4489,1.50351,23.06666667,18.125
1939,December,11.909,8.10614,23.08333333,18.15
1940,January,9.98493,43.1928,23.1,18.175
1940,February,11.6089,30.6731,23.15,18.22291667
1940,March,14.61,26.4761,23.2,18.27083333
1940,April,20.5647,19.2397,23.25,18.31875
1940,May,26.5984,21.4832,23.3,18.36666667
1940,June,29.2994,35.6621,23.35,18.41458333
1940,July,29.6485,18.5754,23.4,18.4625
1940,August,27.0486,35.6084,23.45,18.51041667
1940,September,24.9045,9.7331,23.5,18.55833333
1940,October,21.6449,3.70525,23.55,18.60625
1940,November,16.265,4.16205,23.6,18.65416667
1940,December,10.5001,7.2564,23.65,18.70208333
1941,January,8.36705,18.3481,23.7,18.75
1941,February,12.4462,12.1747,23.75833333,18.8
1941,March,17.9988,24.0993,23.81666667,18.85
1941,April,23.2831,32.6426,23.875,18.9
1941,May,27.4563,9.43239,23.93333333,18.95
1941,June,29.4035,8.50974,23.99166667,19
1941,July,28.9097,45.81,24.05,19.05
1941,August,28.6478,21.0318,24.10833333,19.1
1941,September,24.9377,20.3119,24.16666667,19.15
1941,October,23.3141,2.53545,24.225,19.2
1941,November,15.7322,3.01371,24.28333333,19.25
1941,December,11.3193,15.7911,24.34166667,19.3
1942,January,8.14011,55.169,24.4,19.35
1942,February,10.4589,53.9409,24.45,19.4
1942,March,17.4324,19.6547,24.5,19.45
1942,April,23.0039,19.7194,24.55,19.5
1942,May,26.3929,38.4209,24.6,19.55
1942,June,29.0857,31.0639,24.65,19.6
1942,July,28.5125,101.84,24.7,19.65
1942,August,27.1215,37.0677,24.75,19.7
1942,September,24.8394,22.0441,24.8,19.75
1942,October,21.0519,5.03011,24.85,19.8
1942,November,16.6865,4.25811,24.9,19.85
1942,December,9.3286,26.4945,24.95,19.9
1943,January,7.74994,58.2901,25,19.95
1943,February,11.2294,5.57775,25.05833333,20
1943,March,16.3537,26.7344,25.11666667,20.05
1943,April,20.5152,34.1384,25.175,20.1
1943,May,25.511,23.3824,25.23333333,20.15
1943,June,28.5611,10.1402,25.29166667,20.2
1943,July,28.5903,46.4736,25.35,20.25
1943,August,27.6381,29.4262,25.40833333,20.3
1943,September,25.6657,15.7967,25.46666667,20.35
1943,October,20.565,3.90013,25.525,20.4
1943,November,15.4663,2.2677,25.58333333,20.45
1943,December,12.1435,3.62004,25.64166667,20.5
1944,January,8.60892,48.1277,25.7,20.55
1944,February,9.85891,64.9179,25.75833333,20.6
1944,March,16.1931,38.2779,25.81666667,20.65
1944,April,21.4394,31.2336,25.875,20.7
1944,May,26.6978,8.14759,25.93333333,20.75
1944,June,29.2609,9.37007,25.99166667,20.8
1944,July,29.3945,98.6377,26.05,20.85
1944,August,27.3187,136.962,26.10833333,20.9
1944,September,24.2629,15.0417,26.16666667,20.95
1944,October,20.2588,5.54882,26.225,21
1944,November,15.5398,8.30947,26.28333333,21.05
1944,December,9.20158,29.7959,26.34166667,21.1
1945,January,6.76212,38.8791,26.4,21.15
1945,February,9.71662,11.7038,26.45833333,21.2
1945,March,16.1434,24.6168,26.51666667,21.25
1945,April,20.1679,34.16,26.575,21.3
1945,May,25.6208,12.045,26.63333333,21.35
1945,June,29.0594,25.523,26.69166667,21.4
1945,July,28.4821,106.458,26.75,21.45
1945,August,27.8279,38.081,26.80833333,21.5
1945,September,25.589,24.0178,26.86666667,21.55
1945,October,20.5964,5.61034,26.925,21.6
1945,November,15.4704,4.99154,26.98333333,21.65
1945,December,9.25073,12.0397,27.04166667,21.7
1946,January,8.8577,14.8902,27.1,21.75
1946,February,12.1947,26.0587,27.15833333,21.80208333
1946,March,15.6397,13.9942,27.21666667,21.85416667
1946,April,24.7555,5.6812,27.275,21.90625
1946,May,27.6181,5.64115,27.33333333,21.95833333
1946,June,29.826,12.3442,27.39166667,22.01041667
1946,July,29.4493,26.171,27.45,22.0625
1946,August,27.9567,77.1827,27.50833333,22.11458333
1946,September,25.4033,4.63755,27.56666667,22.16666667
1946,October,22.3678,8.7803,27.625,22.21875
1946,November,13.6908,5.09657,27.68333333,22.27083333
1946,December,8.05579,11.3736,27.74166667,22.32291667
1947,January,8.20268,31.4211,27.8,22.375
1947,February,10.8427,30.8748,27.85833333,22.425
1947,March,17.2128,19.6091,27.91666667,22.475
1947,April,22.785,3.89161,27.975,22.525
1947,May,26.9956,17.1172,28.03333333,22.575
1947,June,29.6508,8.28901,28.09166667,22.625
1947,July,29.2969,22.0234,28.15,22.675
1947,August,28.7425,46.1195,28.20833333,22.725
1947,September,25.9524,21.2747,28.26666667,22.775
1947,October,20.499,4.27195,28.325,22.825
1947,November,17.0484,5.62064,28.38333333,22.875
1947,December,10.2341,15.2268,28.44166667,22.925
1948,January,8.91023,11.4407,28.5,22.975
1948,February,10.3608,42.7869,28.55,23.02708333
1948,March,15.5986,48.0123,28.6,23.07916667
1948,April,22.4834,25.1017,28.65,23.13125
1948,May,27.5979,9.07401,28.7,23.18333333
1948,June,28.4181,18.8198,28.75,23.23541667
1948,July,29.2039,79.8786,28.8,23.2875
1948,August,27.5069,44.5498,28.85,23.33958333
1948,September,25.4886,11.1338,28.9,23.39166667
1948,October,21.307,2.6953,28.95,23.44375
1948,November,13.8187,3.45944,29,23.49583333
1948,December,10.2194,24.9507,29.05,23.54791667
1949,January,8.64658,14.5772,29.1,23.6
1949,February,10.2045,20.9185,29.15833333,23.65
1949,March,16.167,36.7155,29.21666667,23.7
1949,April,22.7572,11.7593,29.275,23.75
1949,May,27.8123,8.48725,29.33333333,23.8
1949,June,27.6135,18.1381,29.39166667,23.85
1949,July,29.0738,51.3335,29.45,23.9
1949,August,27.1366,57.3926,29.50833333,23.95
1949,September,26.273,17.4278,29.56666667,24
1949,October,19.4857,2.99065,29.625,24.05
1949,November,12.9907,2.05416,29.68333333,24.1
1949,December,9.8119,6.46054,29.74166667,24.15
1950,January,8.39886,60.4773,29.8,24.2
1950,February,7.83502,22.0462,29.83333333,24.22916667
1950,March,14.5453,31.9527,29.86666667,24.25833333
1950,April,19.4117,26.4562,29.9,24.2875
1950,May,26.0093,13.0833,29.93333333,24.31666667
1950,June,28.9187,7.0361,29.96666667,24.34583333
1950,July,28.8672,62.3368,30,24.375
1950,August,27.3896,49.0711,30.03333333,24.40416667
1950,September,24.1737,29.9903,30.06666667,24.43333333
1950,October,20.2951,2.67137,30.1,24.4625
1950,November,13.4808,3.13984,30.13333333,24.49166667
1950,December,7.55997,0.80213,30.16666667,24.52083333
1951,January,8.342,17.9641,30.2,24.55
1951,February,9.60423,26.1026,30.23333333,24.58125
1951,March,15.1646,44.9662,30.26666667,24.6125
1951,April,19.3428,24.8592,30.3,24.64375
1951,May,25.4909,25.6118,30.33333333,24.675
1951,June,27.8683,10.9358,30.36666667,24.70625
1951,July,28.7649,23.8066,30.4,24.7375
1951,August,27.4909,46.0951,30.43333333,24.76875
1951,September,25.9301,4.32737,30.46666667,24.8
1951,October,23.1378,6.10609,30.5,24.83125
1951,November,15.8826,9.85755,30.53333333,24.8625
1951,December,11.5474,5.62371,30.56666667,24.89375
1952,January,8.80908,21.8835,30.6,24.925
1952,February,12.0162,28.4677,30.64166667,24.95208333
1952,March,15.6622,24.2076,30.68333333,24.97916667
1952,April,22.7377,14.6128,30.725,25.00625
1952,May,26.3735,7.56766,30.76666667,25.03333333
1952,June,29.3529,12.9089,30.80833333,25.06041667
1952,July,28.5421,54.0252,30.85,25.0875
1952,August,27.1008,25.8742,30.89166667,25.11458333
1952,September,24.7101,6.00208,30.93333333,25.14166667
1952,October,20.2485,1.33603,30.975,25.16875
1952,November,14.7995,1.9862,31.01666667,25.19583333
1952,December,9.79886,16.6618,31.05833333,25.22291667
1953,January,8.42039,25.7333,31.1,25.25
1953,February,12.6862,24.2772,31.14166667,25.29166667
1953,March,18.0881,20.904,31.18333333,25.33333333
1953,April,21.7689,20.1409,31.225,25.375
1953,May,26.1404,15.874,31.26666667,25.41666667
1953,June,29.1311,22.1359,31.30833333,25.45833333
1953,July,29.3014,47.3657,31.35,25.5
1953,August,27.5025,77.7919,31.39166667,25.54166667
1953,September,25.0631,21.0016,31.43333333,25.58333333
1953,October,20.3011,10.7566,31.475,25.625
1953,November,15.3224,4.32299,31.51666667,25.66666667
1953,December,12.9481,13.8055,31.55833333,25.70833333
1954,January,8.05773,48.7824,31.6,25.75
1954,February,10.4943,65.4074,31.65,25.8125
1954,March,16.1464,22.7319,31.7,25.875
1954,April,21.7416,18.5023,31.75,25.9375
1954,May,26.6844,10.2821,31.8,26
1954,June,29.099,10.5167,31.85,26.0625
1954,July,28.7146,30.5518,31.9,26.125
1954,August,28.0352,21.8322,31.95,26.1875
1954,September,25.6102,44.9608,32,26.25
1954,October,19.2283,8.41373,32.05,26.3125
1954,November,15.2415,4.24445,32.1,26.375
1954,December,9.87112,3.28068,32.15,26.4375
1955,January,8.33256,28.8648,32.2,26.5
1955,February,11.8311,8.44112,32.25,26.54166667
1955,March,17.6331,47.2041,32.3,26.58333333
1955,April,20.1084,8.48304,32.35,26.625
1955,May,24.1422,27.4975,32.4,26.66666667
1955,June,28.5932,7.20499,32.45,26.70833333
1955,July,28.8129,27.3777,32.5,26.75
1955,August,27.5663,80.6127,32.55,26.79166667
1955,September,25.4361,36.0226,32.6,26.83333333
1955,October,20.2003,7.40846,32.65,26.875
1955,November,15.0889,1.07598,32.7,26.91666667
1955,December,11.1069,16.6018,32.75,26.95833333
1956,January,8.1772,35.4311,32.8,27
1956,February,11.2207,19.7688,32.85,27.04166667
1956,March,15.8827,58.4752,32.9,27.08333333
1956,April,21.6388,34.3327,32.95,27.125
1956,May,27.8745,1.72454,33,27.16666667
1956,June,28.4585,35.6324,33.05,27.20833333
1956,July,27.3943,125.533,33.1,27.25
1956,August,26.5273,74.6565,33.15,27.29166667
1956,September,25.7572,11.0303,33.2,27.33333333
1956,October,20.0055,20.6457,33.25,27.375
1956,November,14.5194,1.66882,33.3,27.41666667
1956,December,10.2144,13.0949,33.35,27.45833333
1957,January,7.62479,62.0862,33.4,27.5
1957,February,9.40956,14.6322,33.45833333,27.5625
1957,March,15.1977,36.6081,33.51666667,27.625
1957,April,19.2207,51.9199,33.575,27.6875
1957,May,23.5107,25.8923,33.63333333,27.75
1957,June,28.0138,17.1486,33.69166667,27.8125
1957,July,28.934,25.4085,33.75,27.875
1957,August,27.3497,43.4475,33.80833333,27.9375
1957,September,24.3486,7.64757,33.86666667,28
1957,October,20.2524,15.6489,33.925,28.0625
1957,November,15.1758,24.461,33.98333333,28.125
1957,December,10.443,32.3778,34.04166667,28.1875
1958,January,10.4826,25.5363,34.1,28.25
1958,February,11.2078,9.44109,34.15833333,28.3125
1958,March,17.1515,16.1792,34.21666667,28.375
1958,April,23.4353,14.091,34.275,28.4375
1958,May,25.4803,12.7986,34.33333333,28.5
1958,June,29.2229,10.9512,34.39166667,28.5625
1958,July,29.2977,56.858,34.45,28.625
1958,August,27.9763,22.5712,34.50833333,28.6875
1958,September,25.5216,31.8638,34.56666667,28.75
1958,October,20.8029,3.9729,34.625,28.8125
1958,November,14.7928,7.80382,34.68333333,28.875
1958,December,11.5139,54.5402,34.74166667,28.9375
1959,January,8.26172,38.2175,34.8,29
1959,February,9.82432,36.426,34.86666667,29.0625
1959,March,17.1933,25.3104,34.93333333,29.125
1959,April,22.046,24.9713,35,29.1875
1959,May,25.6553,32.536,35.06666667,29.25
1959,June,29.3652,6.17998,35.13333333,29.3125
1959,July,28.0893,109.908,35.2,29.375
1959,August,28.161,45.5721,35.26666667,29.4375
1959,September,26.2621,32.8209,35.33333333,29.5
1959,October,22.334,8.68935,35.4,29.5625
1959,November,14.6366,26.1542,35.46666667,29.625
1959,December,9.75349,17.4243,35.53333333,29.6875
1960,January,8.76008,12.8881,35.6,29.75
1960,February,13.1981,15.5501,35.70833333,29.77083333
1960,March,14.3608,48.0119,35.81666667,29.79166667
1960,April,19.6976,31.719,35.925,29.8125
1960,May,25.3706,13.5125,36.03333333,29.83333333
1960,June,29.3032,8.61772,36.14166667,29.85416667
1960,July,28.7091,61.681,36.25,29.875
1960,August,28.2886,35.7771,36.35833333,29.89583333
1960,September,25.7451,16.0049,36.46666667,29.91666667
1960,October,20.8258,1.14299,36.575,29.9375
1960,November,14.6552,4.96186,36.68333333,29.95833333
1960,December,9.66539,25.758,36.79166667,29.97916667
1961,January,9.17013,33.4807,36.9,30
1961,February,9.09557,30.3129,36.95,30.04166667
1961,March,16.712,15.4388,37,30.08333333
1961,April,20.2747,39.9794,37.05,30.125
1961,May,26.1231,13.8821,37.1,30.16666667
1961,June,28.6842,23.489,37.15,30.20833333
1961,July,28.8716,89.9002,37.2,30.25
1961,August,27.9087,46.2971,37.25,30.29166667
1961,September,26.4479,36.5446,37.3,30.33333333
1961,October,20.2093,10.0553,37.35,30.375
1961,November,13.7978,9.28469,37.4,30.41666667
1961,December,9.74896,11.5446,37.45,30.45833333
1962,January,8.12009,6.7844,37.5,30.5
1962,February,12.1998,18.7275,37.60833333,30.58333333
1962,March,16.3822,26.4647,37.71666667,30.66666667
1962,April,21.9979,23.2086,37.825,30.75
1962,May,25.8001,15.4038,37.93333333,30.83333333
1962,June,28.7331,10.9828,38.04166667,30.91666667
1962,July,28.9729,42.9007,38.15,31
1962,August,27.7405,46.8747,38.25833333,31.08333333
1962,September,24.1681,39.7279,38.36666667,31.16666667
1962,October,20.0197,4.00006,38.475,31.25
1962,November,13.8918,10.1943,38.58333333,31.33333333
1962,December,9.32446,22.3324,38.69166667,31.41666667
1963,January,9.27652,0.99773,38.8,31.5
1963,February,13.2863,16.2037,38.89166667,31.5625
1963,March,16.3024,41.6322,38.98333333,31.625
1963,April,21.2156,34.1661,39.075,31.6875
1963,May,24.6016,35.0543,39.16666667,31.75
1963,June,29.5692,5.55861,39.25833333,31.8125
1963,July,29.4326,20.415,39.35,31.875
1963,August,28.0886,27.7805,39.44166667,31.9375
1963,September,25.2801,12.5937,39.53333333,32
1963,October,22.0994,3.932,39.625,32.0625
1963,November,15.8677,15.3882,39.71666667,32.125
1963,December,10.5231,12.4367,39.80833333,32.1875
1964,January,5.91348,37.9169,39.9,32.25
1964,February,10.6336,20.617,39.96666667,32.3125
1964,March,17.7988,20.0103,40.03333333,32.375
1964,April,22.0596,23.3933,40.1,32.4375
1964,May,25.6587,10.9025,40.16666667,32.5
1964,June,28.1009,18.5588,40.23333333,32.5625
1964,July,28.3536,80.9339,40.3,32.625
1964,August,28.295,56.2686,40.36666667,32.6875
1964,September,25.0969,16.0849,40.43333333,32.75
1964,October,19.3908,2.10298,40.5,32.8125
1964,November,13.6943,1.39828,40.56666667,32.875
1964,December,8.47349,13.8485,40.63333333,32.9375
1965,January,10.4216,26.2428,40.7,33
1965,February,10.9227,24.945,40.9,33.14583333
1965,March,15.8087,22.0791,41.1,33.29166667
1965,April,18.726,59.2074,41.3,33.4375
1965,May,24.5479,26.2274,41.5,33.58333333
1965,June,28.5565,5.02491,41.7,33.72916667
1965,July,28.412,64.3407,41.9,33.875
1965,August,26.7583,31.0305,42.1,34.02083333
1965,September,24.9747,5.04816,42.3,34.16666667
1965,October,22.2042,8.17512,42.5,34.3125
1965,November,16.2269,10.6557,42.7,34.45833333
1965,December,9.28412,10.4383,42.9,34.60416667
1966,January,10.2415,1.15251,43.1,34.75
1966,February,13.2975,45.5543,43.19166667,34.79166667
1966,March,15.7347,40.4243,43.28333333,34.83333333
1966,April,20.2439,33.1559,43.375,34.875
1966,May,25.52,13.2614,43.46666667,34.91666667
1966,June,29.0107,14.1281,43.55833333,34.95833333
1966,July,28.4109,45.8264,43.65,35
1966,August,27.5495,34.1948,43.74166667,35.04166667
1966,September,24.6629,22.35,43.83333333,35.08333333
1966,October,20.9205,17.0328,43.925,35.125
1966,November,13.2775,0.5548,44.01666667,35.16666667
1966,December,9.1559,2.9438,44.10833333,35.20833333
1967,January,7.16669,4.27492,44.2,35.25
1967,February,12.3515,30.2195,44.325,35.33333333
1967,March,15.2662,62.6848,44.45,35.41666667
1967,April,20.375,24.4783,44.575,35.5
1967,May,24.7303,23.5003,44.7,35.58333333
1967,June,28.6965,8.45779,44.825,35.66666667
1967,July,29.1326,62.1139,44.95,35.75
1967,August,27.2929,71.5948,45.075,35.83333333
1967,September,25.532,17.6735,45.2,35.91666667
1967,October,20.4776,11.9856,45.325,36
1967,November,15.6108,6.90142,45.45,36.08333333
1967,December,9.50393,49.9924,45.575,36.16666667
1968,January,7.6518,26.3102,45.7,36.25
1968,February,8.66805,29.1857,45.80833333,36.3125
1968,March,16.227,21.337,45.91666667,36.375
1968,April,21.2904,17.1485,46.025,36.4375
1968,May,23.8922,20.1009,46.13333333,36.5
1968,June,29.0917,7.3359,46.24166667,36.5625
1968,July,28.8278,28.9279,46.35,36.625
1968,August,27.579,35.353,46.45833333,36.6875
1968,September,25.259,1.11097,46.56666667,36.75
1968,October,20.4678,8.97746,46.675,36.8125
1968,November,15.2789,6.29921,46.78333333,36.875
1968,December,10.2336,13.9851,46.89166667,36.9375
1969,January,8.29291,14.0873,47,37
1969,February,9.93885,24.9438,47.25,37
1969,March,18.7145,20.4253,47.5,37
1969,April,21.6886,31.7132,47.75,37
1969,May,24.9806,19.819,48,37
1969,June,29.1478,9.63631,48.25,37
1969,July,29.2691,54.8043,48.5,37
1969,August,27.7145,19.5314,48.75,37
1969,September,25.0432,12.1516,49,37
1969,October,21.7138,13.014,49.25,37
1969,November,15.5467,3.01573,49.5,37
1969,December,11.5726,1.45074,49.75,37
1970,January,9.03377,30.5653,50,37
1970,February,11.4332,27.1291,50.15,37.04166667
1970,March,15.3094,33.5164,50.3,37.08333333
1970,April,22.8451,15.5043,50.45,37.125
1970,May,27.0705,8.93951,50.6,37.16666667
1970,June,29.28,16.5579,50.75,37.20833333
1970,July,28.7569,46.0735,50.9,37.25
1970,August,28.634,77.46,51.05,37.29166667
1970,September,25.5764,40.3373,51.2,37.33333333
1970,October,21.6389,8.65626,51.35,37.375
1970,November,14.9196,0.47082,51.5,37.41666667
1970,December,10.5616,4.07001,51.65,37.45833333
1971,January,7.74281,7.24127,51.8,37.5
1971,February,11.1406,21.513,51.95,37.5625
1971,March,16.6588,10.804,52.1,37.625
1971,April,23.3466,16.0094,52.25,37.6875
1971,May,26.7837,11.8274,52.4,37.75
1971,June,29.1591,21.4284,52.55,37.8125
1971,July,28.2092,44.4069,52.7,37.875
1971,August,27.5819,40.7991,52.85,37.9375
1971,September,24.6091,20.2732,53,38
1971,October,20.0397,1.70755,53.15,38.0625
1971,November,15.6412,2.06759,53.3,38.125
1971,December,11.1905,6.26838,53.45,38.1875
1972,January,8.47586,34.7957,53.6,38.25
1972,February,7.1458,19.8263,53.64166667,38.3125
1972,March,15.8181,38.6696,53.68333333,38.375
1972,April,20.4903,22.1973,53.725,38.4375
1972,May,25.669,21.5096,53.76666667,38.5
1972,June,29.0941,22.1459,53.80833333,38.5625
1972,July,28.2412,35.143,53.85,38.625
1972,August,26.9078,29.401,53.89166667,38.6875
1972,September,24.463,16.0654,53.93333333,38.75
1972,October,20.1057,5.55106,53.975,38.8125
1972,November,15.8631,6.4597,54.01666667,38.875
1972,December,9.87479,23.3174,54.05833333,38.9375
1973,January,7.16177,28.3193,54.1,39
1973,February,11.6869,22.0498,54.23333333,39.08333333
1973,March,15.8208,35.0366,54.36666667,39.16666667
1973,April,22.5258,18.082,54.5,39.25
1973,May,26.7701,20.5587,54.63333333,39.33333333
1973,June,30.1281,6.31663,54.76666667,39.41666667
1973,July,28.5222,83.0911,54.9,39.5
1973,August,27.5854,67.0669,55.03333333,39.58333333
1973,September,25.6705,19.8524,55.16666667,39.66666667
1973,October,20.4198,3.33128,55.3,39.75
1973,November,14.8984,0.56221,55.43333333,39.83333333
1973,December,9.48835,13.3079,55.56666667,39.91666667
1974,January,8.19593,20.4081,55.7,40
1974,February,8.173,34.12,55.925,40.10416667
1974,March,17.74,12.4535,56.15,40.20833333
1974,April,22.7606,15.064,56.375,40.3125
1974,May,25.8675,15.8986,56.6,40.41666667
1974,June,28.1238,20.848,56.825,40.52083333
1974,July,28.9807,41.7686,57.05,40.625
1974,August,27.8972,23.2534,57.275,40.72916667
1974,September,25.5687,11.2464,57.5,40.83333333
1974,October,19.2896,1.70523,57.725,40.9375
1974,November,14.4161,0.89974,57.95,41.04166667
1974,December,9.03787,15.6551,58.175,41.14583333
1975,January,7.53072,26.8503,58.4,41.25
1975,February,9.4018,28.4211,58.6,41.33333333
1975,March,14.7406,31.389,58.8,41.41666667
1975,April,21.0544,22.3481,59,41.5
1975,May,25.9698,18.8292,59.2,41.58333333
1975,June,28.2626,26.2635,59.4,41.66666667
1975,July,28.0591,63.3042,59.6,41.75
1975,August,27.5889,96.6574,59.8,41.83333333
1975,September,25.2221,37.3772,60,41.91666667
1975,October,20.8178,4.14299,60.2,42
1975,November,13.8608,2.73393,60.4,42.08333333
1975,December,10.4788,7.69655,60.6,42.16666667
1976,January,9.50869,26.6401,60.8,42.25
1976,February,10.3223,48.1633,61.01666667,42.375
1976,March,14.4527,51.7926,61.23333333,42.5
1976,April,20.7216,22.9631,61.45,42.625
1976,May,26.0356,8.51641,61.66666667,42.75
1976,June,28.09,21.235,61.88333333,42.875
1976,July,28.8777,68.3295,62.1,43
1976,August,26.9977,97.656,62.31666667,43.125
1976,September,25.0692,45.7423,62.53333333,43.25
1976,October,21.6511,8.08338,62.75,43.375
1976,November,14.6568,1.36519,62.96666667,43.5
1976,December,10.0033,3.35015,63.18333333,43.625
1977,January,7.68699,44.242,63.4,43.75
1977,February,11.0861,3.8353,63.70833333,43.85416667
1977,March,18.6074,5.09658,64.01666667,43.95833333
1977,April,22.1772,27.2329,64.325,44.0625
1977,May,25.6031,15.1775,64.63333333,44.16666667
1977,June,28.907,31.0969,64.94166667,44.27083333
1977,July,28.8892,74.8961,65.25,44.375
1977,August,27.6078,35.1519,65.55833333,44.47916667
1977,September,24.9115,28.696,65.86666667,44.58333333
1977,October,22.3235,8.94343,66.175,44.6875
1977,November,16.8919,9.8938,66.48333333,44.79166667
1977,December,11.6453,10.9998,66.79166667,44.89583333
1978,January,8.03211,19.7925,67.1,45
1978,February,10.4184,16.6293,67.325,45.08333333
1978,March,14.6407,46.6385,67.55,45.16666667
1978,April,22.2052,16.4415,67.775,45.25
1978,May,27.5054,8.48169,68,45.33333333
1978,June,29.8194,21.2366,68.225,45.41666667
1978,July,27.7014,148.121,68.45,45.5
1978,August,27.6038,59.1608,68.675,45.58333333
1978,September,25.1838,14.4293,68.9,45.66666667
1978,October,20.9816,1.69246,69.125,45.75
1978,November,15.2975,17.3604,69.35,45.83333333
1978,December,11.4317,3.57629,69.575,45.91666667
1979,January,9.23467,29.7768,69.8,46
1979,February,10.6324,43.3052,69.79166667,45.95833333
1979,March,14.2021,47.1193,69.78333333,45.91666667
1979,April,22.8234,28.4061,69.775,45.875
1979,May,23.842,20.4325,69.76666667,45.83333333
1979,June,29.3925,12.1849,69.75833333,45.79166667
1979,July,29.3805,25.5854,69.75,45.75
1979,August,27.0829,66.4542,69.74166667,45.70833333
1979,September,24.7969,16.4189,69.73333333,45.66666667
1979,October,21.2903,4.78184,69.725,45.625
1979,November,14.9688,11.4957,69.71666667,45.58333333
1979,December,10.9745,22.4665,69.70833333,45.54166667
1980,January,8.70261,19.0035,69.7,45.5
1980,February,11.335,29.9826,69.84166667,45.625
1980,March,15.1336,43.5235,69.98333333,45.75
1980,April,23.4625,9.2615,70.125,45.875
1980,May,26.7814,12.7197,70.26666667,46
1980,June,29.1966,30.0792,70.40833333,46.125
1980,July,29.0086,62.1531,70.55,46.25
1980,August,27.8459,34.2454,70.69166667,46.375
1980,September,25.144,19.0816,70.83333333,46.5
1980,October,21.6087,12.7277,70.975,46.625
1980,November,15.5323,10.2885,71.11666667,46.75
1980,December,10.9274,15.6931,71.25833333,46.875
1981,January,9.3686,30.6463,71.4,47
1981,February,11.545,32.1889,71.65,47.0625
1981,March,16.064,66.5952,71.9,47.125
1981,April,22.6124,27.3013,72.15,47.1875
1981,May,26.6235,17.4683,72.4,47.25
1981,June,28.9905,8.78363,72.65,47.3125
1981,July,28.5818,84.8033,72.9,47.375
1981,August,27.4587,38.2932,73.15,47.4375
1981,September,25.4305,5.45379,73.4,47.5
1981,October,20.1296,9.53868,73.65,47.5625
1981,November,14.6573,7.23586,73.9,47.625
1981,December,11.015,3.2328,74.15,47.6875
1982,January,9.06027,26.7045,74.4,47.75
1982,February,9.01251,43.8462,74.45833333,47.83333333
1982,March,13.7538,69.4212,74.51666667,47.91666667
1982,April,21.094,26.6146,74.575,48
1982,May,24.662,28.7386,74.63333333,48.08333333
1982,June,28.7336,5.91588,74.69166667,48.16666667
1982,July,29.0474,29.9389,74.75,48.25
1982,August,27.6932,58.7005,74.80833333,48.33333333
1982,September,24.8136,5.01978,74.86666667,48.41666667
1982,October,21.3597,20.175,74.925,48.5
1982,November,15.0355,24.0141,74.98333333,48.58333333
1982,December,9.85679,27.1344,75.04166667,48.66666667
1983,January,8.75392,19.3975,75.1,48.75
1983,February,10.0849,27.558,75.19166667,48.8125
1983,March,14.0165,40.6978,75.28333333,48.875
1983,April,19.021,56.5685,75.375,48.9375
1983,May,25.7748,26.2521,75.46666667,49
1983,June,28.7549,13.9626,75.55833333,49.0625
1983,July,28.8602,58.5618,75.65,49.125
1983,August,28.0313,105.788,75.74166667,49.1875
1983,September,26.3524,15.65,75.83333333,49.25
1983,October,20.402,5.69994,75.925,49.3125
1983,November,15.2956,0.92442,76.01666667,49.375
1983,December,9.9931,8.60111,76.10833333,49.4375
1984,January,8.05132,7.77251,76.2,49.5
1984,February,8.2811,17.4694,76.49166667,49.54166667
1984,March,17.9296,26.3116,76.78333333,49.58333333
1984,April,22.3283,22.372,77.075,49.625
1984,May,27.2413,13.4199,77.36666667,49.66666667
1984,June,29.9365,11.7076,77.65833333,49.70833333
1984,July,28.3113,52.6636,77.95,49.75
1984,August,27.8858,80.2843,78.24166667,49.79166667
1984,September,24.3607,28.9083,78.53333333,49.83333333
1984,October,19.4797,1.63675,78.825,49.875
1984,November,15.3749,6.73564,79.11666667,49.91666667
1984,December,9.86472,12.675,79.40833333,49.95833333
1985,January,8.85419,16.1033,79.7,50
1985,February,12.2303,4.97319,79.75833333,50.52083333
1985,March,17.6502,12.0366,79.81666667,51.04166667
1985,April,21.6968,35.0544,79.875,51.5625
1985,May,26.2307,13.6178,79.93333333,52.08333333
1985,June,29.0758,7.46966,79.99166667,52.60416667
1985,July,28.5916,57.1505,80.05,53.125
1985,August,27.2145,54.7685,80.10833333,53.64583333
1985,September,25.0969,4.22109,80.16666667,54.16666667
1985,October,20.2161,8.75089,80.225,54.6875
1985,November,15.5024,1.67728,80.28333333,55.20833333
1985,December,10.5554,33.702,80.34166667,55.72916667
1986,January,7.94782,5.4159,80.4,56.25
1986,February,10.1744,37.8958,80.43333333,56.3125
1986,March,14.7358,42.6173,80.46666667,56.375
1986,April,21.6092,23.7822,80.5,56.4375
1986,May,25.734,16.0415,80.53333333,56.5
1986,June,29.0014,23.4765,80.56666667,56.5625
1986,July,28.1351,47.7411,80.6,56.625
1986,August,26.7377,94.5262,80.63333333,56.6875
1986,September,24.7164,9.89575,80.66666667,56.75
1986,October,21.4811,4.42194,80.7,56.8125
1986,November,15.6042,25.3839,80.73333333,56.875
1986,December,9.07079,18.2096,80.76666667,56.9375
1987,January,9.5601,5.30938,80.8,57
1987,February,11.8572,29.1888,80.96666667,57.10416667
1987,March,16.697,54.0587,81.13333333,57.20833333
1987,April,21.8214,21.1257,81.3,57.3125
1987,May,24.3446,30.0705,81.46666667,57.41666667
1987,June,28.4723,25.6525,81.63333333,57.52083333
1987,July,28.99,19.9808,81.8,57.625
1987,August,28.7271,23.3548,81.96666667,57.72916667
1987,September,26.5997,3.8747,82.13333333,57.83333333
1987,October,20.9078,23.0345,82.3,57.9375
1987,November,16.0856,0.29129,82.46666667,58.04166667
1987,December,11.063,3.28792,82.63333333,58.14583333
1988,January,10.2191,19.4444,82.8,58.25
1988,February,11.958,17.2945,83.025,58.35416667
1988,March,15.9193,53.0401,83.25,58.45833333
1988,April,23.2295,8.47749,83.475,58.5625
1988,May,27.8879,3.33549,83.7,58.66666667
1988,June,29.5936,17.9278,83.925,58.77083333
1988,July,29.0701,100.4,84.15,58.875
1988,August,27.6918,57.4279,84.375,58.97916667
1988,September,26.0382,23.7982,84.6,59.08333333
1988,October,21.0298,3.53334,84.825,59.1875
1988,November,16.0212,0.71824,85.05,59.29166667
1988,December,11.6383,17.8356,85.275,59.39583333
1989,January,7.85848,16.5354,85.5,59.5
1989,February,9.51724,12.2605,85.6,59.58333333
1989,March,15.2886,41.2204,85.7,59.66666667
1989,April,20.2563,9.66336,85.8,59.75
1989,May,25.0662,14.575,85.9,59.83333333
1989,June,28.3993,14.3944,86,59.91666667
1989,July,27.8903,111.255,86.1,60
1989,August,26.8069,48.2808,86.2,60.08333333
1989,September,25.2399,12.1511,86.3,60.16666667
1989,October,21.2342,3.13078,86.4,60.25
1989,November,15.903,8.06886,86.5,60.33333333
1989,December,11.0325,23.0545,86.6,60.41666667
1990,January,10.5656,37.5664,86.7,60.5
1990,February,10.9966,57.1569,86.80833333,60.58333333
1990,March,14.8798,35.7753,86.91666667,60.66666667
1990,April,21.2646,17.4093,87.025,60.75
1990,May,27.4862,12.065,87.13333333,60.83333333
1990,June,29.1841,10.1119,87.24166667,60.91666667
1990,July,28.9034,27.8177,87.35,61
1990,August,27.9642,100.131,87.45833333,61.08333333
1990,September,26.0024,39.8935,87.56666667,61.16666667
1990,October,20.4374,5.64027,87.675,61.25
1990,November,16.1345,3.57717,87.78333333,61.33333333
1990,December,10.4213,39.7687,87.89166667,61.41666667
1991,January,8.2829,23.5797,88,61.5
1991,February,9.99503,42.6492,88.19166667,61.5625
1991,March,15.5038,42.4584,88.38333333,61.625
1991,April,20.5152,43.043,88.575,61.6875
1991,May,25.1976,26.5375,88.76666667,61.75
1991,June,29.0619,10.7911,88.95833333,61.8125
1991,July,29.3048,20.3078,89.15,61.875
1991,August,27.745,33.49,89.34166667,61.9375
1991,September,25.2474,30.1148,89.53333333,62
1991,October,20.1716,2.17714,89.725,62.0625
1991,November,15.4148,4.33636,89.91666667,62.125
1991,December,11.6744,9.12149,90.10833333,62.1875
1992,January,9.06016,53.9661,90.3,62.25
1992,February,10.5495,29.1195,90.525,62.39583333
1992,March,14.731,38.7504,90.75,62.54166667
1992,April,19.9273,40.764,90.975,62.6875
1992,May,24.9313,23.8701,91.2,62.83333333
1992,June,29.2299,5.56877,91.425,62.97916667
1992,July,28.4087,54.8721,91.65,63.125
1992,August,26.9621,69.1804,91.875,63.27083333
1992,September,24.2183,28.7059,92.1,63.41666667
1992,October,20.6592,12.1746,92.325,63.5625
1992,November,15.64,7.92377,92.55,63.70833333
1992,December,12.1524,13.6849,92.775,63.85416667
1993,January,8.77164,29.6088,93,64
1993,February,13.2686,15.8378,93.15833333,64.08333333
1993,March,14.7936,32.1792,93.31666667,64.16666667
1993,April,21.6325,19.6552,93.475,64.25
1993,May,27.0292,15.3862,93.63333333,64.33333333
1993,June,28.9541,19.6844,93.79166667,64.41666667
1993,July,28.2827,73.2203,93.95,64.5
1993,August,27.834,11.8972,94.10833333,64.58333333
1993,September,25.8537,18.1405,94.26666667,64.66666667
1993,October,20.5806,2.95508,94.425,64.75
1993,November,16.4152,9.43055,94.58333333,64.83333333
1993,December,11.4759,0.80544,94.74166667,64.91666667
1994,January,9.52572,19.5592,94.9,65
1994,February,10.397,29.1929,95.20833333,65.10416667
1994,March,17.6477,23.597,95.51666667,65.20833333
1994,April,20.3414,26.8942,95.825,65.3125
1994,May,26.505,19.8453,96.13333333,65.41666667
1994,June,29.5395,21.5863,96.44166667,65.52083333
1994,July,28.2426,116.973,96.75,65.625
1994,August,27.6323,83.9455,97.05833333,65.72916667
1994,September,23.8697,42.8355,97.36666667,65.83333333
1994,October,20.1672,10.3939,97.675,65.9375
1994,November,16.8134,3.08639,97.98333333,66.04166667
1994,December,10.6588,25.3666,98.29166667,66.14583333
1995,January,8.65067,9.26441,98.6,66.25
1995,February,11.3525,30.1864,98.88333333,66.52083333
1995,March,14.7091,23.1022,99.16666667,66.79166667
1995,April,20.0073,44.2381,99.45,67.0625
1995,May,26.1724,11.1759,99.73333333,67.33333333
1995,June,29.5621,15.1367,100.0166667,67.60416667
1995,July,28.7296,97.9396,100.3,67.875
1995,August,27.7186,58.5468,100.5833333,68.14583333
1995,September,25.2638,21.9999,100.8666667,68.41666667
1995,October,21.6044,14.0496,101.15,68.6875
1995,November,15.3296,5.24833,101.4333333,68.95833333
1995,December,10.2254,21.7521,101.7166667,69.22916667
1996,January,8.36005,27.9485,102,69.5
1996,February,11.8006,40.7236,102.25,69.64583333
1996,March,16.9391,44.5704,102.5,69.79166667
1996,April,22.0081,24.3362,102.75,69.9375
1996,May,25.0169,33.005,103,70.08333333
1996,June,28.334,45.5516,103.25,70.22916667
1996,July,28.4034,37.5503,103.5,70.375
1996,August,27.0528,54.5763,103.75,70.52083333
1996,September,25.8551,13.2122,104,70.66666667
1996,October,20.3651,11.4699,104.25,70.8125
1996,November,14.2503,3.83853,104.5,70.95833333
1996,December,9.9332,5.86822,104.75,71.10416667
1997,January,8.51052,23.2765,105,71.25
1997,February,11.0733,5.92436,105.1666667,71.39583333
1997,March,15.5146,38.9486,105.3333333,71.54166667
1997,April,19.9341,39.8522,105.5,71.6875
1997,May,24.0034,18.4543,105.6666667,71.83333333
1997,June,27.8558,32.5392,105.8333333,71.97916667
1997,July,29.2669,61.0494,106,72.125
1997,August,27.3021,84.8412,106.1666667,72.27083333
1997,September,25.7255,11.9138,106.3333333,72.41666667
1997,October,19.8213,28.5444,106.5,72.5625
1997,November,14.7835,8.86339,106.6666667,72.70833333
1997,December,9.54585,13.9214,106.8333333,72.85416667
1998,January,9.01244,32.6726,107,73
1998,February,10.9107,39.6264,107.25,73.16666667
1998,March,15.6202,37.2368,107.5,73.33333333
1998,April,22.8289,31.8033,107.75,73.5
1998,May,26.6166,21.8943,108,73.66666667
1998,June,28.533,25.044,108.25,73.83333333
1998,July,29.0016,49.0101,108.5,74
1998,August,28.3712,28.9697,108.75,74.16666667
1998,September,25.8367,23.637,109,74.33333333
1998,October,21.7597,9.91221,109.25,74.5
1998,November,15.5877,0.16185,109.5,74.66666667
1998,December,11.5113,0.94575,109.75,74.83333333
1999,January,8.62707,32.9247,110,75
1999,February,11.9247,36.1811,110.1666667,75.08333333
1999,March,16.6285,23.3168,110.3333333,75.16666667
1999,April,23.2143,18.1675,110.5,75.25
1999,May,26.8752,9.97722,110.6666667,75.33333333
1999,June,29.1077,9.80438,110.8333333,75.41666667
1999,July,29.2285,38.2667,111,75.5
1999,August,27.6811,45.1223,111.1666667,75.58333333
1999,September,26.6208,19.1532,111.3333333,75.66666667
1999,October,22.1888,6.80608,111.5,75.75
1999,November,16.8504,13.6544,111.6666667,75.83333333
1999,December,11.3234,0.24637,111.8333333,75.91666667
2000,January,9.58937,19.311,112,76
2000,February,10.2385,14.2357,112.0833333,76.0625
2000,March,16.0165,8.70368,112.1666667,76.125
2000,April,24.0088,3.96081,112.25,76.1875
2000,May,28.7896,7.20656,112.3333333,76.25
2000,June,28.9764,16.5511,112.4166667,76.3125
2000,July,28.2836,57.1515,112.5,76.375
2000,August,27.6537,32.6807,112.5833333,76.4375
2000,September,25.4155,18.3118,112.6666667,76.5
2000,October,22.0832,3.36167,112.75,76.5625
2000,November,15.753,4.03651,112.8333333,76.625
2000,December,11.5061,6.28593,112.9166667,76.6875
2001,January,8.57782,3.98006,113,76.75
2001,February,11.7034,7.90859,113.25,76.91666667
2001,March,16.8941,16.1858,113.5,77.08333333
2001,April,22.5681,21.0362,113.75,77.25
2001,May,28.3372,9.71545,114,77.41666667
2001,June,28.9762,42.8297,114.25,77.58333333
2001,July,28.5291,70.3518,114.5,77.75
2001,August,27.7208,28.1631,114.75,77.91666667
2001,September,25.2692,12.5674,115,78.08333333
2001,October,21.9897,2.88224,115.25,78.25
2001,November,16.3373,11.1675,115.5,78.41666667
2001,December,12.4597,7.07034,115.75,78.58333333
2002,January,9.43203,8.26817,116,78.75
2002,February,10.872,24.8489,116.3333333,78.97916667
2002,March,17.412,23.0497,116.6666667,79.20833333
2002,April,23.1135,20.2869,117,79.4375
2002,May,27.8393,10.8048,117.3333333,79.66666667
2002,June,29.4699,25.2618,117.6666667,79.89583333
2002,July,29.0707,11.4863,118,80.125
2002,August,28.1767,34.2267,118.3333333,80.35416667
2002,September,24.792,23.8329,118.6666667,80.58333333
2002,October,21.9352,4.25136,119,80.8125
2002,November,16.2022,9.99053,119.3333333,81.04166667
2002,December,11.368,13.1605,119.6666667,81.27083333
2003,January,9.47909,12.9862,120,81.5
2003,February,11.7875,62.8046,120.3333333,81.66666667
2003,March,16.4475,31.7944,120.6666667,81.83333333
2003,April,22.7893,23.1098,121,82
2003,May,25.4632,20.0575,121.3333333,82.16666667
2003,June,29.6845,13.7782,121.6666667,82.33333333
2003,July,28.4658,106.583,122,82.5
2003,August,27.7522,67.9582,122.3333333,82.66666667
2003,September,25.4462,25.9643,122.6666667,82.83333333
2003,October,21.1864,4.65043,123,83
2003,November,14.7137,8.94368,123.3333333,83.16666667
2003,December,10.7938,7.45678,123.6666667,83.33333333
2004,January,9.87077,41.6249,124,83.5
2004,February,12.7219,15.2825,124.4166667,83.70833333
2004,March,19.6016,5.57348,124.8333333,83.91666667
2004,April,23.8518,25.9202,125.25,84.125
2004,May,26.8944,13.1468,125.6666667,84.33333333
2004,June,28.8135,19.4183,126.0833333,84.54166667
2004,July,28.9904,23.6964,126.5,84.75
2004,August,27.7039,55.6869,126.9166667,84.95833333
2004,September,25.7541,15.1627,127.3333333,85.16666667
2004,October,20.0202,13.4192,127.75,85.375
2004,November,16.6354,4.30319,128.1666667,85.58333333
2004,December,11.7563,24.4978,128.5833333,85.79166667
2005,January,8.35979,37.2572,129,86
2005,February,9.7477,58.6492,129.5833333,86.52083333
2005,March,16.8687,40.9373,130.1666667,87.04166667
2005,April,21.5074,21.9531,130.75,87.5625
2005,May,24.9898,27.8063,131.3333333,88.08333333
2005,June,29.4413,7.38339,131.9166667,88.60416667
2005,July,28.6651,56.0509,132.5,89.125
2005,August,27.8629,27.6218,133.0833333,89.64583333
2005,September,26.276,28.3787,133.6666667,90.16666667
2005,October,21.7352,5.59639,134.25,90.6875
2005,November,15.838,8.06399,134.8333333,91.20833333
2005,December,10.5205,3.99261,135.4166667,91.72916667
2006,January,8.68721,28.5383,136,92.25
2006,February,14.6439,15.7051,136.25,92.45833333
2006,March,16.7655,27.5402,136.5,92.66666667
2006,April,22.5519,13.3447,136.75,92.875
2006,May,28.7866,9.25805,137,93.08333333
2006,June,28.4014,19.7032,137.25,93.29166667
2006,July,29.4468,56.8962,137.5,93.5
2006,August,27.5133,92.8018,137.75,93.70833333
2006,September,25.5114,29.8866,138,93.91666667
2006,October,22.9712,9.6685,138.25,94.125
2006,November,16.4192,18.3344,138.5,94.33333333
2006,December,10.2379,43.9717,138.75,94.54166667
2007,January,9.10904,3.0348,139,94.75
2007,February,12.3171,49.8075,139.5,95.10416667
2007,March,15.9347,63.3527,140,95.45833333
2007,April,24.3705,10.1817,140.5,95.8125
2007,May,26.7675,10.8274,141,96.16666667
2007,June,28.8231,37.8191,141.5,96.52083333
2007,July,28.6904,60.6515,142,96.875
2007,August,28.0883,42.5053,142.5,97.22916667
2007,September,25.7563,28.5902,143,97.58333333
2007,October,20.3909,0.73853,143.5,97.9375
2007,November,16.9521,2.19563,144,98.29166667
2007,December,10.2164,8.77559,144.5,98.64583333
2008,January,6.83578,43.5298,145,99
2008,February,9.89503,13.6756,145.5833333,99.20833333
2008,March,18.9894,2.83751,146.1666667,99.41666667
2008,April,21.8502,37.4197,146.75,99.625
2008,May,27.0943,16.6802,147.3333333,99.83333333
2008,June,29.8011,26.2055,147.9166667,100.0416667
2008,July,29.0324,48.5093,148.5,100.25
2008,August,27.0904,90.4538,149.0833333,100.4583333
2008,September,25.5409,18.479,149.6666667,100.6666667
2008,October,22.4863,6.49189,150.25,100.875
2008,November,15.8319,4.59947,150.8333333,101.0833333
2008,December,11.7252,28.3541,151.4166667,101.2916667
2009,January,10.0305,34.3593,152,101.5
2009,February,13.0069,33.2747,151.8333333,101.4166667
2009,March,17.7157,28.2929,151.6666667,101.3333333
2009,April,21.516,33.3443,151.5,101.25
2009,May,27.5519,11.2742,151.3333333,101.1666667
2009,June,28.5178,18.2574,151.1666667,101.0833333
2009,July,29.3437,50.6734,151,101
2009,August,29.0663,30.7856,150.8333333,100.9166667
2009,September,26.1628,15.1353,150.6666667,100.8333333
2009,October,21.3392,3.9578,150.5,100.75
2009,November,15.3006,6.9783,150.3333333,100.6666667
2009,December,11.3757,16.272,150.1666667,100.5833333
2010,January,10.2605,9.37983,150,100.5
2010,February,11.7885,31.8993,150.5833333,100.9791667
2010,March,19.7456,20.63,151.1666667,101.4583333
2010,April,24.6826,16.3773,151.75,101.9375
2010,May,27.2414,23.014,152.3333333,102.4166667
2010,June,28.5066,25.6214,152.9166667,102.8958333
2010,July,28.729,105.22,153.5,103.375
2010,August,27.6291,113.186,154.0833333,103.8541667
2010,September,25.0014,30.6715,154.6666667,104.3333333
2010,October,22.5987,4.11534,155.25,104.8125
2010,November,15.8396,1.60891,155.8333333,105.2916667
2010,December,9.97607,3.23522,156.4166667,105.7708333
2011,January,8.38794,11.1674,157,106.25
2011,February,11.4127,58.0763,157,106.4166667
2011,March,17.1996,30.0545,157,106.5833333
2011,April,21.8318,28.063,157,106.75
2011,May,28.1891,10.2389,157,106.9166667
2011,June,29.9848,16.105,157,107.0833333
2011,July,28.8677,37.5047,157,107.25
2011,August,28.0998,80.6547,157,107.4166667
2011,September,25.3481,31.7056,157,107.5833333
2011,October,21.7935,8.60502,157,107.75
2011,November,17.3903,6.73557,157,107.9166667
2011,December,10.1934,2.56967,157,108.0833333
2012,January,7.89622,21.7436,157,108.25
2012,February,9.10051,19.6736,157.6666667,108.6458333
2012,March,16.0177,22.278,158.3333333,109.0416667
2012,April,21.7783,34.6903,159,109.4375
2012,May,26.3565,13.0843,159.6666667,109.8333333
2012,June,29.0143,7.12074,160.3333333,110.2291667
2012,July,29.6738,26.7597,161,110.625
2012,August,27.964,45.5465,161.6666667,111.0208333
2012,September,25.1985,51.5706,162.3333333,111.4166667
2012,October,20.9427,6.17664,163,111.8125
2012,November,15.7487,3.56023,163.6666667,112.2083333
2012,December,10.9512,21.8186,164.3333333,112.6041667
2013,January,9.2059,12.3896,165,113
2013,February,10.7169,46.5909,165.3333333,113.2916667
2013,March,14.7599,53.8636,165.6666667,113.5833333
2013,April,22.0156,33.5154,166,113.875
2013,May,27.2735,7.84502,166.3333333,114.1666667
2013,June,29.8533,37.7994,166.6666667,114.4583333
2013,July,29.5909,45.7747,167,114.75
2013,August,27.7081,72.268,167.3333333,115.0416667
2013,September,26.8228,16.0794,167.6666667,115.3333333
2013,October,23.1727,8.1558,168,115.625
2013,November,15.7483,13.5567,168.3333333,115.9166667
2013,December,10.9647,2.00393,168.6666667,116.2083333
2014,January,9.22441,11.4887,169,116.5
2014,February,10.135,22.7004,169.3333333,116.75
2014,March,15.858,55.8119,169.6666667,117
2014,April,22.0136,36.274,170,117.25
2014,May,25.803,20.0702,170.3333333,117.5
2014,June,30.3058,11.8501,170.6666667,117.75
2014,July,29.8137,30.8147,171,118
2014,August,28.506,30.2337,171.3333333,118.25
2014,September,26.3865,35.8764,171.6666667,118.5
2014,October,22.2904,9.75995,172,118.75
2014,November,15.8981,10.1953,172.3333333,119
2014,December,10.0999,0.41147,172.6666667,119.25
2015,January,9.50221,16.3651,173,119.5
2015,February,10.567,30.9235,173.5,119.7916667
2015,March,15.8797,70.0159,174,120.0833333
2015,April,23.0622,34.0755,174.5,120.375
2015,May,27.1174,19.6929,175,120.6666667
2015,June,29.4065,28.986,175.5,120.9583333
2015,July,28.7141,72.6114,176,121.25
2015,August,27.7268,69.5808,176.5,121.5416667
2015,September,25.3179,26.1938,177,121.8333333
2015,October,22.379,14.1419,177.5,122.125
2015,November,16.2182,9.09601,178,122.4166667
2015,December,10.8177,6.00726,178.5,122.7083333
2016,January,10.7526,16.1749,179,123
2016,February,12.5766,8.36436,179.6666667,123.3541667
2016,March,17.29,57.6948,180.3333333,123.7083333
2016,April,23.092,20.2518,181,124.0625
2016,May,27.9996,18.1856,181.6666667,124.4166667
2016,June,30.2144,23.6518,182.3333333,124.7708333
2016,July,29.6574,56.4818,183,125.125
2016,August,27.6332,60.6061,183.6666667,125.4791667
2016,September,26.7179,13.7694,184.3333333,125.8333333
2016,October,22.3982,1.07552,185,126.1875
2016,November,15.7672,2.8848,185.6666667,126.5416667
2016,December,12.8763,7.82298,186.3333333,126.8958333
